{
  "train_loss": {
    "values": [
      0.9323538602556873,
      0.4469407851723992,
      0.3819893706273958,
      0.1499653811801963,
      0.27475040525623284
    ],
    "steps": [
      0,
      1,
      2,
      3,
      4
    ],
    "timestamps": [
      0.00015401840209960938,
      0.00029087066650390625,
      0.00039505958557128906,
      0.0005097389221191406,
      0.0006210803985595703
    ]
  },
  "train_accuracy": {
    "values": [
      0.4518453850438836,
      0.5594138243080277,
      0.6277708219766702,
      0.7598822018103792,
      0.8087989189699716
    ],
    "steps": [
      0,
      1,
      2,
      3,
      4
    ],
    "timestamps": [
      0.00015401840209960938,
      0.00029087066650390625,
      0.00039505958557128906,
      0.0005097389221191406,
      0.0006210803985595703
    ]
  },
  "val_accuracy": {
    "values": [
      0.4986750002772087,
      0.5511356922526427,
      0.6295790146070582,
      0.7439885193547829,
      0.8240451959870927
    ],
    "steps": [
      0,
      1,
      2,
      3,
      4
    ],
    "timestamps": [
      0.00015401840209960938,
      0.00029087066650390625,
      0.00039505958557128906,
      0.0005097389221191406,
      0.0006210803985595703
    ]
  },
  "learning_rate": {
    "values": [
      0.003,
      0.0027,
      0.0024300000000000003,
      0.002187,
      0.0019683
    ],
    "steps": [
      0,
      1,
      2,
      3,
      4
    ],
    "timestamps": [
      0.00015401840209960938,
      0.00029087066650390625,
      0.00039505958557128906,
      0.0005097389221191406,
      0.0006210803985595703
    ]
  }
}