{
  "status": "completed",
  "duration": 0.0007381439208984375,
  "metrics_summary": {
    "train_loss": {
      "min": 0.1499653811801963,
      "max": 0.9323538602556873,
      "mean": 0.4371999604983824,
      "final": 0.27475040525623284
    },
    "train_accuracy": {
      "min": 0.4518453850438836,
      "max": 0.8087989189699716,
      "mean": 0.6415422304217865,
      "final": 0.8087989189699716
    },
    "val_accuracy": {
      "min": 0.4986750002772087,
      "max": 0.8240451959870927,
      "mean": 0.649484684495757,
      "final": 0.8240451959870927
    },
    "learning_rate": {
      "min": 0.0019683,
      "max": 0.003,
      "mean": 0.0024570599999999996,
      "final": 0.0019683
    }
  },
  "end_time": 1771360802.8507254
}