{
  "train_loss": {
    "values": [
      1.0242616169456542,
      0.4985687972245211,
      0.3302988636236747,
      0.19736636883947278,
      0.19681881424234737
    ],
    "steps": [
      0,
      1,
      2,
      3,
      4
    ],
    "timestamps": [
      0.0003170967102050781,
      0.0004520416259765625,
      0.0006527900695800781,
      0.003972291946411133,
      0.0041811466217041016
    ]
  },
  "train_accuracy": {
    "values": [
      0.47286426134282455,
      0.5451142385510636,
      0.6295114505916087,
      0.717138078371256,
      0.7777856048944694
    ],
    "steps": [
      0,
      1,
      2,
      3,
      4
    ],
    "timestamps": [
      0.0003170967102050781,
      0.0004520416259765625,
      0.0006527900695800781,
      0.003972291946411133,
      0.0041811466217041016
    ]
  },
  "val_accuracy": {
    "values": [
      0.475595203629257,
      0.6065368857848982,
      0.6665210431052947,
      0.7410275436734564,
      0.8501974425756742
    ],
    "steps": [
      0,
      1,
      2,
      3,
      4
    ],
    "timestamps": [
      0.0003170967102050781,
      0.0004520416259765625,
      0.0006527900695800781,
      0.003972291946411133,
      0.0041811466217041016
    ]
  },
  "learning_rate": {
    "values": [
      0.001,
      0.0009000000000000001,
      0.0008100000000000001,
      0.0007290000000000002,
      0.0006561000000000001
    ],
    "steps": [
      0,
      1,
      2,
      3,
      4
    ],
    "timestamps": [
      0.0003170967102050781,
      0.0004520416259765625,
      0.0006527900695800781,
      0.003972291946411133,
      0.0041811466217041016
    ]
  }
}