{
  "status": "completed",
  "duration": 0.00435638427734375,
  "metrics_summary": {
    "train_loss": {
      "min": 0.19681881424234737,
      "max": 1.0242616169456542,
      "mean": 0.4494628921751341,
      "final": 0.19681881424234737
    },
    "train_accuracy": {
      "min": 0.47286426134282455,
      "max": 0.7777856048944694,
      "mean": 0.6284827267502444,
      "final": 0.7777856048944694
    },
    "val_accuracy": {
      "min": 0.475595203629257,
      "max": 0.8501974425756742,
      "mean": 0.6679756237537161,
      "final": 0.8501974425756742
    },
    "learning_rate": {
      "min": 0.0006561000000000001,
      "max": 0.001,
      "mean": 0.00081902,
      "final": 0.0006561000000000001
    }
  },
  "end_time": 1771360802.8487217
}