{
  "train_loss": {
    "values": [
      0.9518488868385194,
      0.48936170685747965,
      0.25114645336747415,
      0.21629409010335054,
      0.19574278518214522
    ],
    "steps": [
      0,
      1,
      2,
      3,
      4
    ],
    "timestamps": [
      0.00019669532775878906,
      0.00028824806213378906,
      0.00039577484130859375,
      0.000507354736328125,
      0.0006327629089355469
    ]
  },
  "train_accuracy": {
    "values": [
      0.43659563496685394,
      0.5372200472464379,
      0.6369053546364501,
      0.7079839326930407,
      0.8116162379965223
    ],
    "steps": [
      0,
      1,
      2,
      3,
      4
    ],
    "timestamps": [
      0.00019669532775878906,
      0.00028824806213378906,
      0.00039577484130859375,
      0.000507354736328125,
      0.0006327629089355469
    ]
  },
  "val_accuracy": {
    "values": [
      0.5088911373274236,
      0.5921823437577394,
      0.6645174408846088,
      0.7584086982620094,
      0.8462294913680565
    ],
    "steps": [
      0,
      1,
      2,
      3,
      4
    ],
    "timestamps": [
      0.00019669532775878906,
      0.00028824806213378906,
      0.00039577484130859375,
      0.000507354736328125,
      0.0006327629089355469
    ]
  },
  "learning_rate": {
    "values": [
      0.002,
      0.0018000000000000002,
      0.0016200000000000001,
      0.0014580000000000003,
      0.0013122000000000001
    ],
    "steps": [
      0,
      1,
      2,
      3,
      4
    ],
    "timestamps": [
      0.00019669532775878906,
      0.00028824806213378906,
      0.00039577484130859375,
      0.000507354736328125,
      0.0006327629089355469
    ]
  }
}