{
  "status": "completed",
  "duration": 0.0008130073547363281,
  "metrics_summary": {
    "train_loss": {
      "min": 0.19574278518214522,
      "max": 0.9518488868385194,
      "mean": 0.4208787844697938,
      "final": 0.19574278518214522
    },
    "train_accuracy": {
      "min": 0.43659563496685394,
      "max": 0.8116162379965223,
      "mean": 0.626064241507861,
      "final": 0.8116162379965223
    },
    "val_accuracy": {
      "min": 0.5088911373274236,
      "max": 0.8462294913680565,
      "mean": 0.6740458223199676,
      "final": 0.8462294913680565
    },
    "learning_rate": {
      "min": 0.0013122000000000001,
      "max": 0.002,
      "mean": 0.00163804,
      "final": 0.0013122000000000001
    }
  },
  "end_time": 1771360802.84971
}